slug,title
jewish-heritage-morocco,"265,000 Became 2,500"
route-thousand-kasbahs,A Thousand Kasbahs
before-the-crescent,Before the Crescent
before-the-sahara,Before the Sahara
the-stained-glass-synagogue,Beth-El
darija,Darija
fes-guide,Fes
fifty-two-days-to-timbuktu,Fifty-Two Days to Timbuktu
moroccan-music-traditions,Five Bloodlines
moroccan-diaspora,Five Million Abroad
marrakech-day-trips,Five Reasons to Leave Marrakech for the Day
the-fossil-souk,Four Hundred Million Years
the-14-kilometres,Fourteen Kilometres
morocco-tourism-statistics,Fourteen Million Visitors
trans-saharan-trade,"Gold, Salt, Manuscripts"
gladiator-country,Hollywood in the Desert
the-carpet-weavers,How Moroccan Carpets Are Woven
jewish-heritage,Jewish Morocco
maimonides-in-fes,Maimonides in Fes
marrakech-guide,Marrakech
marriages-divorces-morocco,Marriages and Divorces
moroccan-fashion,Moroccan Fashion
morocco-3d-population,Morocco in 3D
sahara-from-marrakech,Nine Hours to the Sand
not-all-desert-is-sand,Not All Desert Is Sand
play-it-again-sam,"Play It Again, Sam"
ramadan-moon,Ramadan Kareem
roma-africana,Roma Africana
morocco-itinerary,"Seven Days, Ten Days"
languages-of-morocco,Seven Languages
geometry-of-zellige,Seven Years Per Tile
the-tadelakt-masters,Tadelakt: Morocco's Ancient Waterproof Plaster
world-cup-blueprint,The 2030 Build
world-cup-2030,The 2030 Map
the-battle-of-three-kings,The Afternoon Three Kings Died
the-airmail-pilot,The Airmail Pilot
the-music-of-resistance,The Aïta
almohad-atlas,The Almohad Atlas
the-alphabet-in-stone,The Alphabet in Rock
from-the-land-of-the-setting-sun,The Amazigh in the Bible
amazigh-identity,The Amazigh Map
the-american-hostage,The American Hostage
anatomy-of-a-riad,The Anatomy of a Riad
moroccan-tea-ceremony,The Anatomy of Moroccan Tea
moroccan-tea,The Anatomy of Tea
the-apothecary,The Apothecary
argan-constellation,The Argan Constellation
argan-triangle,The Argan Triangle
the-argan-women,The Argan Women
automotive-industry,The Assembly Lines
the-assembly-of-the-dead,The Assembly of the Dead
atlantic-coast,The Atlantic Coast
bird-atlas-morocco,The Atlantic Flyway
the-atlantic-spine,The Atlantic Spine
the-barb-horse,The Barb Horse
the-basin-and-the-mountains,The Basin and the Mountains
the-golden-madrasas,The Beautiful Century
the-berber-pharaoh,The Berber Pharaoh
the-blue-boats,The Blue Boats
the-blue-garden,The Blue Garden
the-blue-gate,The Blue Gate
the-indigo-trail,The Blue That Crossed the Sahara
the-blue-city,The Blue That Was Never Planned
the-brother-palace,The Brother's Palace
the-build,The Build
the-builder-king,The Builder King
tgv-rail-network,The Bullet Train
calendar-of-light,The Calendar of Light
the-call,The Call
the-camel-souk,The Camel Souk
the-camps,The Camps
the-cannons-on-the-wall,The Cannons on the Wall
the-caravan-navigators,The Caravan Navigators
the-carpenters-fondouk,The Carpenters' Fondouk
the-carpet,The Carpet
carpet-atlas,The Carpet Atlas
the-casablanca-table,The Casablanca Table
the-cave-at-the-edge,The Cave at the Edge
chameleon-country,The Chameleon Country
the-circle,The Circle
the-collision,The Collision
colour-index,The Colour Index
colour-index-morocco,The Colour Index
bread-of-morocco,The Communal Bread
the-bread-ovens,The Communal Ovens
the-cone,The Cone
the-cooking-class,The Cooking Lesson
ottoman-north-africa,The Country the Ottomans Never Took
alphabet-of-craft,The Crafts Without Schools
the-date-cathedral,The Date Cathedral
date-palm-oases,The Date Palms
demographic-atlas,The Demographic Atlas
the-desert-that-does-mathematics,The Desert That Does Mathematics
the-desert-that-is-not-a-desert,The Desert That Is Not a Desert
hollywood-of-the-south,The Desert That Plays Other Deserts
dirhams-journey,The Dirham's Journey
the-draa,The Disappearing River
the-retirement-home,The Donkey Sanctuary
water-crisis-morocco,The Drought
the-dutchman,The Dutchman
morocco-economy,The Economy in One Page
the-edge-of-rome,The Edge of Rome
the-edge-of-the-empire,The Edge of the Empire
the-empire-that-crossed,The Empire That Crossed
the-fall-of-al-andalus,The Fall of Al-Andalus
the-falls-with-monkeys,The Falls with Monkeys
lost-in-fes,The Fes Medina Will Swallow You
the-festival-calendar,The Festival Calendar
the-moussems,The Festivals Before Islam
cinema-morocco,The Films Morocco Made
the-first-friend,The First Friend
the-little-polished-stone,The First Mosaic
the-first-skull,The First Skull
the-first-university,The First University
musical-traditions,The Five Musical Lineages
the-five-tongues,The Five Tongues
the-five-women,The Five Women
the-flamingo-lagoon,The Flamingo Lagoon
the-fortress-of-grain,The Fortress of Grain
the-fortress-the-portuguese-blew-up,The Fortress the Portuguese Blew Up
the-forty-percent,The Forty Percent
imperial-cities,The Four Imperial Cities
four-peaks,The Four Peaks
four-peaks-morocco,The Four Peaks
14km-gap,The Fourteen-Kilometre Gap
the-free-people,The Free People
the-amazigh,The Free People
couscous-friday,The Friday Couscous
the-garden-behind-the-door,The Garden Behind the Door
gardens-of-morocco,The Gardens Against the Desert
the-gates,The Gates
digital-zellige,The Geometry Inside the Tile
geometry-of-culture,The Geometry of Culture
the-geometry-of-silence,The Geometry of Silence
hammam-geometry,The Geometry of the Hammam
lalla-solica,The Girl Who Said No
the-gnawa,The Gnawa
who-is-the-goat,The GOAT Debate
the-argan-goats,The Goats in the Trees
the-golden-apples,The Golden Apples
the-golden-doors,The Golden Doors
the-golden-one,The Golden One
the-gorge,The Gorge
the-pottery-of-tamegroute,The Green Glaze
the-green-march,The Green March
the-green-sahara,The Green Sahara
the-guanche-ghost,The Guanche Ghost
the-maalems-guembri,The Guembri
the-hammada,The Hammada
the-hammam,The Hammam
the-harem-geometry,The Harem Problem
harvest-calendar,The Harvest Calendar
morocco-harvest-calendar,The Harvest Calendar
the-hendrix-myth,The Hendrix Myth
the-hidden-kingdom,The Hidden Kingdom
high-speed-horizon,The High-Speed Horizon
the-hiloula,The Hiloula
the-holiest-town,The Holiest Town
the-horses-of-morocco,The Horses of Morocco
the-house-the-pasha-kept,The House the Pasha Kept
imperial-cities-deep,The Imperial Cities
the-zone,The International Zone
the-ksour,The Invisible Cities
the-invisible-river,The Invisible River
the-preserved-lemons,The Jar on Every Counter
jewish-atlas,The Jewish Atlas
the-kasbah-at-the-river-mouth,The Kasbah at the River Mouth
the-kasbah-with-a-mellah,The Kasbah with a Mellah
the-kasbahs,The Kasbahs
the-khettaras,The Khettaras
the-kidnapped-geographer,The Kidnapped Geographer
the-kings-lions,The King's Lions
the-medina-logic,The Labyrinth
the-lagoon-at-the-edge,The Lagoon at the Edge
the-nomad-pulse,The Last Families
the-last-nomads,The Last Nomads
the-last-souk-before-the-sand,The Last Souk Before the Sand
the-storytellers-of-jemaa-el-fna,The Last Storytellers
the-light-that-changed-color,The Light That Changed Color
the-color-of-light,The Light That Ruined Matisse
the-lila,The Lila
the-long-rise,The Long Rise
the-lotus-eaters,The Lotus Eaters
maghreb-compared,The Maghreb Compared
the-magician,The Magician
the-magician-from-memphis,The Magician from Memphis
the-man-who-found-his-colours,The Man Who Found His Colours
the-man-who-painted-the-boulders,The Man Who Painted the Boulders
the-man-who-walked-the-world,The Man Who Walked the World
the-mapmaker,The Mapmaker
the-marrakech-express,The Marrakech Express
marriage-economy,The Marriage Economy
marriage-equation,The Marriage Equation
the-wedding-market,The Marriage Market
medina-data,The Medina as Data
pulse-of-the-medina,The Medina at 4am
medina-atlas,The Medina Atlas
marrakech-medina-guide,The Medina in Numbers
the-mellah,The Mellah
the-memory-in-the-stone,The Memory in the Stone
migration-routes,The Migration Routes
the-koutoubia-mistake,The Minaret They Built Twice
the-monkeys-in-the-cedars,The Monkeys in the Cedars
moroccan-dirham-currency,The Moroccan Dirham
moroccan-genome,The Moroccan Genome
moroccan-wedding-traditions,The Moroccan Wedding
the-mosque-on-the-water,The Mosque on the Water
shadow-moucharabieh,The Moucharabieh
shadow-of-the-moucharabieh,The Moucharabieh
the-mountain-of-the-last-resistance,The Mountain of the Last Resistance
the-only-museum,The Museum in the Mellah
the-museum-rabat-built-for-itself,The Museum Rabat Built for Itself
the-museums-that-arrived-at-once,The Museums That Arrived at Once
the-gnawa-road,The Music Brought in Chains
the-nafzawiyya,The Nafzawiyya
the-necropolis-with-storks,The Necropolis with Storks
the-henna-night,The Night Before the Wedding
the-desert-camp,The Night in the Dunes
the-nomads-calendar,The Nomad's Calendar
bird-atlas,The North African Flyway
the-oasis-engineers,The Oasis Engineers
the-odyssey-returns,The Odyssey Returns
the-oldest-library,The Oldest Library
olive-oil-economy,The Oldest Olive Trees
the-oldest-room-in-marrakech,The Oldest Room in Marrakech
oldest-universities,The Oldest University in the World
cannabis-rif,The Open Secret
the-orchard-behind-the-palace,The Orchard Behind the Palace
the-other-dunes,The Other Dunes
the-overnight-train,The Overnight Train
the-oyster-lagoon,The Oyster Lagoon
the-perfume-of-the-lion,The Painter and the Harem
the-palace-of-revenge,The Palace of Revenge
the-palace-that-became-a-museum,The Palace That Became a Museum
the-pashas-betrayal,The Pasha's Betrayal
moroccan-pastries,The Pastry Counter
amazigh-identity-map,The People Before Anyone
phosphate-kingdom,The Phosphate Kingdom
morocco-phosphate-mining,The Phosphate Kingdom
the-photograph,The Photograph
the-leather-tanners,The Pigeon Pits
the-pillars,The Pillars of Hercules
fes-tanneries-guide,The Pit
the-silence-factory,The Plaster That Breathes
morocco-population,The Population Atlas
port-strategy,The Port Strategy
moroccan-pottery-guide,The Potters
pottery-traditions,The Pottery Traditions
the-twin-towers,The Prayer Error
the-priestess,The Priestess
the-moqaddema,The Priestess
french-protectorate,The Protectorate
pulse-medina,The Pulse of the Medina
the-purple-traders,The Purple Traders
the-quarry,The Quarry
reconquista-exodus,The Reconquista Exodus
the-red-city,The Red City
the-riad,The Riad
the-road-of-a-thousand-bends,The Road of a Thousand Bends
driving-in-morocco,The Road Rules
al-andalus-corridor,The Road the Exiles Walked
the-roman-bath,The Roman Bath
the-roman-south,The Roman South
the-room-beneath-the-fortress,The Room Beneath the Fortress
zaouia-map,The Sacred Geography
the-sacred-smoke,The Sacred Smoke
is-morocco-safe,The Safety Question
the-saffron-harvest,The Saffron Harvest
the-saint-in-the-mountains,The Saint in the Mountains
the-saints-garden,The Saint's Garden
the-salt-caravans,The Salt Caravans
the-salt-grids,The Salt Grids
the-same-spirit,The Same Spirit
sardine-current,The Sardine Current
moroccan-perfume-traditions,The Scent Atlas
scent-atlas,The Scent Atlas
seasonal-produce-wheel,The Seasonal Wheel
seasonal-produce,The Seasonal Wheel
seven-saints,The Seven Saints
seven-saints-marrakech,The Seven Saints
the-shareefa-of-ouezzane,The Shareefa of Ouezzane
the-sheltering-sky,The Sheltering Sky
the-ship-of-the-desert,The Ship of the Desert
the-silk-road-into-africa,The Silk Road into Africa
the-silver-capital,The Silver Capital
the-singing-sands,The Singing Sands
the-ski-resort-with-rock-carvings,The Ski Resort with Rock Carvings
solar-atlas,The Solar Atlas
solar-compass,The Solar Compass
souk-decoded,The Souk Decoded
moroccan-souk-guide,The Souk Rules
harira,The Soup That Breaks the Fast
spice-map-deep,The Spice Map
moroccan-spice-guide,The Spice Map
spice-routes-morocco,The Spice Routes
spice-routes,The Spice Routes
the-square,The Square
the-square-that-still-hammers,The Square That Still Hammers
the-stand-in,The Stand-In
the-stone-canvas,The Stone Canvas
the-stone-language,The Stone Language
storks-eye-view,The Storks
the-sugar-kings-grave,The Sugar King's Grave
the-sultans-refusal,The Sultan's Refusal
surf-coast,The Surf Atlas
surf-coast-morocco,The Surf Coast
the-switzerland-they-built-in-the-atlas,The Switzerland They Built in the Atlas
the-tagine,The Tagine
tagine-atlas-deep,The Tagine Atlas
tagine-atlas,The Tagine Atlas
moroccan-tagine-guide,The Tagine Atlas
tanneries,The Tanneries
the-tannery,The Tannery
the-gunpowder-ballet,The Tbourida
the-tea-road,The Tea Road
tea-ceremony,The Tea Topology
the-thermal-battery,The Thermal Battery
the-thirteen-windows,The Thirteen Windows
the-three-deserts,The Three Deserts
the-three-glasses,The Three Glasses
the-painters-light,The Three Painters
the-three-sisters,The Three Sisters
the-thuya-woodworkers,The Thuya Carvers
the-tombs-behind-the-wall,The Tombs Behind the Wall
the-poisoned-toothpick,The Toothpick
tourism-flow,The Tourism Flow
the-tower-that-never-finished,The Tower That Never Finished
the-town-spain-gave-back,The Town Spain Gave Back
the-town-the-painters-found,The Town the Painters Found
the-transhumance,The Transhumance
the-two-rivers,The Two Rivers
atlas-mountains,The Unconquerable Mountains
the-galleries,The Underground Passages
the-khettara,The Underground Rivers
the-unfinished-tower,The Unfinished Tower
the-rules-of-bargaining,The Unwritten Rules
the-rose-valley,The Valley That Grows Perfume
the-valley-that-smells-like-may,The Valley That Smells Like May
the-valley-the-hippies-named,The Valley the Hippies Named
vertical-migration,The Vertical Migration
the-view-the-marinids-chose,The View the Marinids Chose
the-village-that-changed-music,The Village That Changed Music
morocco-visa,The Visa
the-moving-mountains,The Walking Dunes
the-walls-that-stopped-growing,The Walls That Stopped Growing
the-walls-of-essaouira,The Walls the Sultan Asked a Foreigner to Build
the-warrior-queen,The Warrior Queen
the-water-clock,The Water Clock
water-crisis,The Water Crisis
water-equation,The Water Equation
the-water-masters,The Water Masters
waters-of-empire,The Waters of Empire
wedding-atlas,The Wedding Atlas
the-wedding-blanket,The Wedding Blanket
the-white-mausoleum,The White Mausoleum
wildlife-atlas,The Wildlife Atlas
wildlife-atlas-morocco,The Wildlife Atlas
the-queen-who-built-fez,The Woman Who Built Fes
literary-morocco,The Writers Who Stayed
moroccan-calendar,Three Calendars
the-babouche-makers,"Three Craftsmen, One Slipper"
the-mint-tea-ritual,Three Glasses
tinghir-jerusalem,Tinghir–Jerusalem
twelve-dynasties,Twelve Dynasties
weather-portraits,Weather Portraits
weather-portraits-morocco,Weather Portraits
moroccan-wedding-economy,What a Wedding Costs
the-fassi-table,What Fes Eats
moroccan-fashion-intelligence,What Moroccans Wear
moroccan-breakfast,What Morocco Eats for Breakfast
morocco-agriculture,What Morocco Grows
rome-north-africa,What Rome Left
carpet-code,What the Carpet Says
what-things-cost,What Things Actually Cost
what-to-wear,What to Wear
the-berber-caliphate,When Nomads Ruled Spain
islamic-spain-legacy,When Spain Was Muslim
when-the-strait-was-a-river,When the Strait Was a Bridge
best-time-to-visit-morocco,When to Come
where-to-hear-gnawa,Where to Hear Gnawa
atlantic-coast-morocco,Where Two Oceans Meet
why-friday-is-different,Why Friday Is Different
the-friday-couscous,Why Moroccans Eat Couscous on Friday
why-the-tea-is-poured-from-a-height,Why the Tea Is Poured from a Height
wind-and-sun,Wind and Sun
yennayer-amazigh-new-year,Yennayer
yennayer,Yennayer
your-first-hammam,Your First Hammam
the-zellige-cutters,Zellige: How Morocco's Tilework Is Cut by Hand